{
    "atomtypes": {
        "sdkCLA": {
            "MW": 54.045,
            "at_num": 30,
            "eps": 176.24476336995457,
            "l_a": 4.0,
            "l_r": 12.0,
            "sig": 0.43710000000000004
        },
        "sdkCM": {
            "MW": 54.045,
            "at_num": 30,
            "eps": 211.4937160439455,
            "l_a": 6.0,
            "l_r": 9.0,
            "sig": 0.4506
        },
        "sdkCT": {
            "MW": 54.045,
            "at_num": 30,
            "eps": 236.16798291573915,
            "l_a": 6.0,
            "l_r": 9.0,
            "sig": 0.4585
        },
        "sdkSO4": {
            "MW": 54.045,
            "at_num": 30,
            "eps": 352.48952673990914,
            "l_a": 6.0,
            "l_r": 9.0,
            "sig": 0.4321
        },
        "sdkSOD": {
            "MW": 54.045,
            "at_num": 30,
            "eps": 176.24476336995457,
            "l_a": 4.0,
            "l_r": 12.0,
            "sig": 0.43710000000000004
        },
        "sdkW": {
            "MW": 54.045,
            "at_num": 30,
            "eps": 450.6830377603125,
            "l_a": 4.0,
            "l_r": 12.0,
            "sig": 0.43710000000000004
        }
    },
    "crossints": {
        "sdkCLA": {
            "eps_mix": 176.24476336995457,
            "k": 0.0,
            "sig_mix": 0.43710000000000004
        },
        "sdkCLA:sdkSO4": {
            "eps_mix": 553.9121134484288,
            "k": 0.0,
            "sig_mix": 0.41
        },
        "sdkCM": {
            "eps_mix": 211.4937160439455,
            "k": 0.0,
            "sig_mix": 0.4506
        },
        "sdkCM:sdkCLA": {
            "eps_mix": 171.20919870224162,
            "k": 0.0,
            "sig_mix": 0.44385
        },
        "sdkCM:sdkSO4": {
            "eps_mix": 192.86212677340745,
            "k": 0.0,
            "sig_mix": 0.44135
        },
        "sdkCM:sdkW": {
            "eps_mix": 171.20919870224162,
            "k": 0.0,
            "sig_mix": 0.44385
        },
        "sdkCT": {
            "eps_mix": 236.16798291573915,
            "k": 0.0,
            "sig_mix": 0.4585
        },
        "sdkCT:sdkCLA": {
            "eps_mix": 181.2803280376676,
            "k": 0.0,
            "sig_mix": 0.4478
        },
        "sdkCT:sdkCM": {
            "eps_mix": 223.5790712464567,
            "k": 0.0,
            "sig_mix": 0.45454999999999995
        },
        "sdkCT:sdkSO4": {
            "eps_mix": 203.94036904237606,
            "k": 0.0,
            "sig_mix": 0.44530000000000003
        },
        "sdkCT:sdkSOD": {
            "eps_mix": 181.2803280376676,
            "k": 0.0,
            "sig_mix": 0.4478
        },
        "sdkCT:sdkW": {
            "eps_mix": 181.2803280376676,
            "k": 0.0,
            "sig_mix": 0.4478
        },
        "sdkSO4": {
            "eps_mix": 352.48952673990914,
            "k": 0.0,
            "sig_mix": 0.4321
        },
        "sdkSOD": {
            "eps_mix": 176.24476336995457,
            "k": 0.0,
            "sig_mix": 0.43710000000000004
        },
        "sdkSOD:sdkCLA": {
            "eps_mix": 450.6830377603125,
            "k": 0.0,
            "sig_mix": 0.43710000000000004
        },
        "sdkSOD:sdkCM": {
            "eps_mix": 171.20919870224162,
            "k": 0.0,
            "sig_mix": 0.44385
        },
        "sdkSOD:sdkSO4": {
            "eps_mix": 553.9121134484288,
            "k": 0.0,
            "sig_mix": 0.41
        },
        "sdkSOD:sdkW": {
            "eps_mix": 450.6830377603125,
            "k": 0.0,
            "sig_mix": 0.43710000000000004
        },
        "sdkW": {
            "eps_mix": 450.6830377603125,
            "k": 0.0,
            "sig_mix": 0.43710000000000004
        },
        "sdkW:sdkCLA": {
            "eps_mix": 450.6830377603125,
            "k": 0.0,
            "sig_mix": 0.43710000000000004
        },
        "sdkW:sdkSO4": {
            "eps_mix": 553.9121134484288,
            "k": 0.0,
            "sig_mix": 0.41
        }
    }
}